{
	 "skeleton": {
		 "ATTOVERCOG": [25.000000,-15.838945,50.787109],
		 "door": [9.0,14.999997,18.782209],
		 "frame": [25.000000,15.0,0.0],
		 "head": [25.000000,-14.974854,23.316051],
		 "root": [25.000000,15.000000,0.000000]
	},
	"animation_root" : "file(animations)",
	"effects_root": "file(effects)"
}
