{
	 "skeleton": {
		 "ATTOVERCOG": [25.000000,-9.839321,51.771927],
		 "frame": [25.000000,15.0,0.0],
		 "head": [25.000000,-9.839321,21.061821],
		 "leftDoor": [43.0,14.999997,18.782209],
		 "rightDoor": [7.0,14.999997,18.782209],
		 "root": [25.000000,15.000000,0.000000]
	},
	"animation_root" : "file(animations)",
	"effects_root": "file(effects)"
}
